team,student_id,firstname,lastname,email
1,11-111-111,John,Doe,john.doe@email.email
1,11-222-222,Jane,Smith,jane.smith@email.email
1,22-333-333,Sam,Johnson,sam.johnson@email.email
1,22-444-444,Michael,Brown,michael.brown@email.email
2,xx-yyy-zzz,Max,Mustermann,max.mustermann@email.email
2,zz-yyy-xxx,Biggs,Wondering,biggs.wondering@email.email
